model,precision,recall,f1,rocauc
logreg,0.37272727272727274,0.27272727272727276,0.30606060606060603,0.8449525420893995
rf,0.45910931174089065,0.41101072840203273,0.4207977207977208,0.8225459824648131
